5E-CF-7F-01-85-56,5ECF7F018556,5C-CF-7F-01-85-56,5CCF7F018556
5E-CF-7F-01-85-56,5ECF7F018556,5C-CF-7F-01-85-56,5CCF7F018556
5E-CF-7F-82-41-1C,5ECF7F82411C,5C-CF-7F-82-41-1C,5CCF7F82411C
5E-CF-7F-82-41-1C,5ECF7F82411C,5C-CF-7F-82-41-1C,5CCF7F82411C
5E-CF-7F-82-41-1C,5ECF7F82411C,5C-CF-7F-82-41-1C,5CCF7F82411C
5E-CF-7F-82-41-1C,5ECF7F82411C,5C-CF-7F-82-41-1C,5CCF7F82411C
5E-CF-7F-82-41-1C,5ECF7F82411C,5C-CF-7F-82-41-1C,5CCF7F82411C
5E-CF-7F-82-41-1C,5ECF7F82411C,5C-CF-7F-82-41-1C,5CCF7F82411C
5E-CF-7F-82-41-1C,5ECF7F82411C,5C-CF-7F-82-41-1C,5CCF7F82411C
5E-CF-7F-82-41-1C,5ECF7F82411C,5C-CF-7F-82-41-1C,5CCF7F82411C
5E-CF-7F-82-41-1C,5ECF7F82411C,5C-CF-7F-82-41-1C,5CCF7F82411C
5E-CF-7F-82-41-1C,5ECF7F82411C,5C-CF-7F-82-41-1C,5CCF7F82411C
5E-CF-7F-82-41-1C,5ECF7F82411C,5C-CF-7F-82-41-1C,5CCF7F82411C
5E-CF-7F-82-41-1C,5ECF7F82411C,5C-CF-7F-82-41-1C,5CCF7F82411C
5E-CF-7F-82-41-1C,5ECF7F82411C,5C-CF-7F-82-41-1C,5CCF7F82411C
5E-CF-7F-82-41-1C,5ECF7F82411C,5C-CF-7F-82-41-1C,5CCF7F82411C
5E-CF-7F-82-41-1C,5ECF7F82411C,5C-CF-7F-82-41-1C,5CCF7F82411C
5E-CF-7F-82-41-1C,5ECF7F82411C,5C-CF-7F-82-41-1C,5CCF7F82411C
5E-CF-7F-82-41-1C,5ECF7F82411C,5C-CF-7F-82-41-1C,5CCF7F82411C
5E-CF-7F-82-41-1C,5ECF7F82411C,5C-CF-7F-82-41-1C,5CCF7F82411C
5E-CF-7F-82-41-1C,5ECF7F82411C,5C-CF-7F-82-41-1C,5CCF7F82411C
5E-CF-7F-82-41-1C,5ECF7F82411C,5C-CF-7F-82-41-1C,5CCF7F82411C
5E-CF-7F-82-41-1C,5ECF7F82411C,5C-CF-7F-82-41-1C,5CCF7F82411C
5E-CF-7F-82-41-1C,5ECF7F82411C,5C-CF-7F-82-41-1C,5CCF7F82411C
5E-CF-7F-82-41-1C,5ECF7F82411C,5C-CF-7F-82-41-1C,5CCF7F82411C
5E-CF-7F-82-41-1C,5ECF7F82411C,5C-CF-7F-82-41-1C,5CCF7F82411C
5E-CF-7F-82-41-1C,5ECF7F82411C,5C-CF-7F-82-41-1C,5CCF7F82411C
5E-CF-7F-82-41-1C,5ECF7F82411C,5C-CF-7F-82-41-1C,5CCF7F82411C
5E-CF-7F-82-41-A5,5ECF7F8241A5,5C-CF-7F-82-41-A5,5CCF7F8241A5
62-01-94-80-37-E1,6201948037E1,60-01-94-80-37-E1,6001948037E1
62-01-94-80-37-E1,6201948037E1,60-01-94-80-37-E1,6001948037E1
62-01-94-80-37-E1,6201948037E1,60-01-94-80-37-E1,6001948037E1
62-01-94-80-37-E1,6201948037E1,60-01-94-80-37-E1,6001948037E1
62-01-94-80-37-E1,6201948037E1,60-01-94-80-37-E1,6001948037E1
62-01-94-80-37-E1,6201948037E1,60-01-94-80-37-E1,6001948037E1
62-01-94-80-37-E1,6201948037E1,60-01-94-80-37-E1,6001948037E1
62-01-94-80-37-E1,6201948037E1,60-01-94-80-37-E1,6001948037E1
62-01-94-80-37-E1,6201948037E1,60-01-94-80-37-E1,6001948037E1
62-01-94-80-37-E1,6201948037E1,60-01-94-80-37-E1,6001948037E1
62-01-94-80-37-E1,6201948037E1,60-01-94-80-37-E1,6001948037E1
5E-CF-7F-82-41-10,5ECF7F824110,5C-CF-7F-82-41-10,5CCF7F824110
5E-CF-7F-82-41-10,5ECF7F824110,5C-CF-7F-82-41-10,5CCF7F824110
5E-CF-7F-82-41-10,5ECF7F824110,5C-CF-7F-82-41-10,5CCF7F824110
5E-CF-7F-82-41-10,5ECF7F824110,5C-CF-7F-82-41-10,5CCF7F824110
5E-CF-7F-82-41-10,5ECF7F824110,5C-CF-7F-82-41-10,5CCF7F824110
5E-CF-7F-8B-FF-B9,5ECF7F8BFFB9,5C-CF-7F-8B-FF-B9,5CCF7F8BFFB9
5E-CF-7F-8B-FF-B9,5ECF7F8BFFB9,5C-CF-7F-8B-FF-B9,5CCF7F8BFFB9
5E-CF-7F-8B-FF-B9,5ECF7F8BFFB9,5C-CF-7F-8B-FF-B9,5CCF7F8BFFB9
5E-CF-7F-8B-FF-B9,5ECF7F8BFFB9,5C-CF-7F-8B-FF-B9,5CCF7F8BFFB9
5E-CF-7F-8B-FF-B9,5ECF7F8BFFB9,5C-CF-7F-8B-FF-B9,5CCF7F8BFFB9
5E-CF-7F-8B-FF-B9,5ECF7F8BFFB9,5C-CF-7F-8B-FF-B9,5CCF7F8BFFB9
5E-CF-7F-8B-FF-B9,5ECF7F8BFFB9,5C-CF-7F-8B-FF-B9,5CCF7F8BFFB9
5E-CF-7F-8B-FF-B9,5ECF7F8BFFB9,5C-CF-7F-8B-FF-B9,5CCF7F8BFFB9
5E-CF-7F-82-41-10,5ECF7F824110,5C-CF-7F-82-41-10,5CCF7F824110
5E-CF-7F-82-41-10,5ECF7F824110,5C-CF-7F-82-41-10,5CCF7F824110
5E-CF-7F-82-41-10,5ECF7F824110,5C-CF-7F-82-41-10,5CCF7F824110
5E-CF-7F-82-41-10,5ECF7F824110,5C-CF-7F-82-41-10,5CCF7F824110
5E-CF-7F-82-41-10,5ECF7F824110,5C-CF-7F-82-41-10,5CCF7F824110
5E-CF-7F-82-41-10,5ECF7F824110,5C-CF-7F-82-41-10,5CCF7F824110
5E-CF-7F-82-41-10,5ECF7F824110,5C-CF-7F-82-41-10,5CCF7F824110
62-01-94-80-37-E1,6201948037E1,60-01-94-80-37-E1,6001948037E1
5E-CF-7F-02-DE-34,5ECF7F02DE34,5C-CF-7F-02-DE-34,5CCF7F02DE34
5E-CF-7F-02-DE-34,5ECF7F02DE34,5C-CF-7F-02-DE-34,5CCF7F02DE34
5E-CF-7F-02-DD-4A,5ECF7F02DD4A,5C-CF-7F-02-DD-4A,5CCF7F02DD4A
5E-CF-7F-02-DD-4A,5ECF7F02DD4A,5C-CF-7F-02-DD-4A,5CCF7F02DD4A
5E-CF-7F-02-DD-4A,5ECF7F02DD4A,5C-CF-7F-02-DD-4A,5CCF7F02DD4A
5E-CF-7F-02-DD-4A,5ECF7F02DD4A,5C-CF-7F-02-DD-4A,5CCF7F02DD4A
5E-CF-7F-02-DD-4A,5ECF7F02DD4A,5C-CF-7F-02-DD-4A,5CCF7F02DD4A
5E-CF-7F-02-DD-4A,5ECF7F02DD4A,5C-CF-7F-02-DD-4A,5CCF7F02DD4A
5E-CF-7F-02-DD-4A,5ECF7F02DD4A,5C-CF-7F-02-DD-4A,5CCF7F02DD4A
5E-CF-7F-02-DD-4A,5ECF7F02DD4A,5C-CF-7F-02-DD-4A,5CCF7F02DD4A
5E-CF-7F-02-DD-4A,5ECF7F02DD4A,5C-CF-7F-02-DD-4A,5CCF7F02DD4A
5E-CF-7F-02-DD-4A,5ECF7F02DD4A,5C-CF-7F-02-DD-4A,5CCF7F02DD4A
5E-CF-7F-02-DD-4A,5ECF7F02DD4A,5C-CF-7F-02-DD-4A,5CCF7F02DD4A
5E-CF-7F-02-DD-4A,5ECF7F02DD4A,5C-CF-7F-02-DD-4A,5CCF7F02DD4A
5E-CF-7F-02-DD-4A,5ECF7F02DD4A,5C-CF-7F-02-DD-4A,5CCF7F02DD4A
5E-CF-7F-02-DD-4A,5ECF7F02DD4A,5C-CF-7F-02-DD-4A,5CCF7F02DD4A
5E-CF-7F-02-DD-4A,5ECF7F02DD4A,5C-CF-7F-02-DD-4A,5CCF7F02DD4A
5E-CF-7F-02-DD-4A,5ECF7F02DD4A,5C-CF-7F-02-DD-4A,5CCF7F02DD4A
5E-CF-7F-02-DD-4A,5ECF7F02DD4A,5C-CF-7F-02-DD-4A,5CCF7F02DD4A
5E-CF-7F-02-DD-4A,5ECF7F02DD4A,5C-CF-7F-02-DD-4A,5CCF7F02DD4A
5E-CF-7F-8B-FF-B9,5ECF7F8BFFB9,5C-CF-7F-8B-FF-B9,5CCF7F8BFFB9
5E-CF-7F-8B-FF-B9,5ECF7F8BFFB9,5C-CF-7F-8B-FF-B9,5CCF7F8BFFB9
5E-CF-7F-8B-FF-B9,5ECF7F8BFFB9,5C-CF-7F-8B-FF-B9,5CCF7F8BFFB9
5E-CF-7F-8B-FF-B9,5ECF7F8BFFB9,5C-CF-7F-8B-FF-B9,5CCF7F8BFFB9
5E-CF-7F-02-DD-4A,5ECF7F02DD4A,5C-CF-7F-02-DD-4A,5CCF7F02DD4A
5E-CF-7F-02-DD-4A,5ECF7F02DD4A,5C-CF-7F-02-DD-4A,5CCF7F02DD4A
5E-CF-7F-02-DD-4A,5ECF7F02DD4A,5C-CF-7F-02-DD-4A,5CCF7F02DD4A
5E-CF-7F-02-DD-4A,5ECF7F02DD4A,5C-CF-7F-02-DD-4A,5CCF7F02DD4A
1A-FE-34-D4-FD-2F,1AFE34D4FD2F,18-FE-34-D4-FD-2F,18FE34D4FD2F
1A-FE-34-D4-FD-2F,1AFE34D4FD2F,18-FE-34-D4-FD-2F,18FE34D4FD2F
1A-FE-34-D1-82-C5,1AFE34D182C5,18-FE-34-D1-82-C5,18FE34D182C5
1A-FE-34-D1-82-C5,1AFE34D182C5,18-FE-34-D1-82-C5,18FE34D182C5
1A-FE-34-D1-82-C5,1AFE34D182C5,18-FE-34-D1-82-C5,18FE34D182C5
1A-FE-34-D1-82-C5,1AFE34D182C5,18-FE-34-D1-82-C5,18FE34D182C5
1A-FE-34-D1-82-C5,1AFE34D182C5,18-FE-34-D1-82-C5,18FE34D182C5
1A-FE-34-D1-82-C5,1AFE34D182C5,18-FE-34-D1-82-C5,18FE34D182C5
1A-FE-34-D1-82-C5,1AFE34D182C5,18-FE-34-D1-82-C5,18FE34D182C5
1A-FE-34-D1-82-C5,1AFE34D182C5,18-FE-34-D1-82-C5,18FE34D182C5
5E-CF-7F-15-95-41,5ECF7F159541,5C-CF-7F-15-95-41,5CCF7F159541
5E-CF-7F-15-95-41,5ECF7F159541,5C-CF-7F-15-95-41,5CCF7F159541
5E-CF-7F-15-95-41,5ECF7F159541,5C-CF-7F-15-95-41,5CCF7F159541
5E-CF-7F-15-95-41,5ECF7F159541,5C-CF-7F-15-95-41,5CCF7F159541
5E-CF-7F-15-95-41,5ECF7F159541,5C-CF-7F-15-95-41,5CCF7F159541
5E-CF-7F-15-95-41,5ECF7F159541,5C-CF-7F-15-95-41,5CCF7F159541
5E-CF-7F-15-95-41,5ECF7F159541,5C-CF-7F-15-95-41,5CCF7F159541
5E-CF-7F-15-95-41,5ECF7F159541,5C-CF-7F-15-95-41,5CCF7F159541
5E-CF-7F-15-95-41,5ECF7F159541,5C-CF-7F-15-95-41,5CCF7F159541
5E-CF-7F-15-95-41,5ECF7F159541,5C-CF-7F-15-95-41,5CCF7F159541
5E-CF-7F-02-DD-4A,5ECF7F02DD4A,5C-CF-7F-02-DD-4A,5CCF7F02DD4A
5E-CF-7F-02-DD-4A,5ECF7F02DD4A,5C-CF-7F-02-DD-4A,5CCF7F02DD4A
5E-CF-7F-02-DE-34,5ECF7F02DE34,5C-CF-7F-02-DE-34,5CCF7F02DE34
5E-CF-7F-02-DE-34,5ECF7F02DE34,5C-CF-7F-02-DE-34,5CCF7F02DE34
5E-CF-7F-02-DE-34,5ECF7F02DE34,5C-CF-7F-02-DE-34,5CCF7F02DE34
5E-CF-7F-02-DE-34,5ECF7F02DE34,5C-CF-7F-02-DE-34,5CCF7F02DE34
5E-CF-7F-02-DE-34,5ECF7F02DE34,5C-CF-7F-02-DE-34,5CCF7F02DE34
5E-CF-7F-02-DE-34,5ECF7F02DE34,5C-CF-7F-02-DE-34,5CCF7F02DE34
5E-CF-7F-02-DE-34,5ECF7F02DE34,5C-CF-7F-02-DE-34,5CCF7F02DE34
5E-CF-7F-02-DE-34,5ECF7F02DE34,5C-CF-7F-02-DE-34,5CCF7F02DE34
5E-CF-7F-02-DE-34,5ECF7F02DE34,5C-CF-7F-02-DE-34,5CCF7F02DE34
5E-CF-7F-02-DE-34,5ECF7F02DE34,5C-CF-7F-02-DE-34,5CCF7F02DE34
5E-CF-7F-02-DE-34,5ECF7F02DE34,5C-CF-7F-02-DE-34,5CCF7F02DE34
5E-CF-7F-02-DE-34,5ECF7F02DE34,5C-CF-7F-02-DE-34,5CCF7F02DE34
5E-CF-7F-02-DE-34,5ECF7F02DE34,5C-CF-7F-02-DE-34,5CCF7F02DE34
5E-CF-7F-02-DE-34,5ECF7F02DE34,5C-CF-7F-02-DE-34,5CCF7F02DE34
5E-CF-7F-02-DE-34,5ECF7F02DE34,5C-CF-7F-02-DE-34,5CCF7F02DE34
5E-CF-7F-02-DD-4A,5ECF7F02DD4A,5C-CF-7F-02-DD-4A,5CCF7F02DD4A
5E-CF-7F-02-DD-4A,5ECF7F02DD4A,5C-CF-7F-02-DD-4A,5CCF7F02DD4A
5E-CF-7F-02-DD-4A,5ECF7F02DD4A,5C-CF-7F-02-DD-4A,5CCF7F02DD4A
5E-CF-7F-02-DE-34,5ECF7F02DE34,5C-CF-7F-02-DE-34,5CCF7F02DE34
5E-CF-7F-02-DE-34,5ECF7F02DE34,5C-CF-7F-02-DE-34,5CCF7F02DE34
5E-CF-7F-02-DE-34,5ECF7F02DE34,5C-CF-7F-02-DE-34,5CCF7F02DE34
5E-CF-7F-02-DE-34,5ECF7F02DE34,5C-CF-7F-02-DE-34,5CCF7F02DE34
5E-CF-7F-02-DE-34,5ECF7F02DE34,5C-CF-7F-02-DE-34,5CCF7F02DE34
5E-CF-7F-02-DE-34,5ECF7F02DE34,5C-CF-7F-02-DE-34,5CCF7F02DE34
5E-CF-7F-02-DE-34,5ECF7F02DE34,5C-CF-7F-02-DE-34,5CCF7F02DE34
5E-CF-7F-02-DE-34,5ECF7F02DE34,5C-CF-7F-02-DE-34,5CCF7F02DE34
5E-CF-7F-02-DE-34,5ECF7F02DE34,5C-CF-7F-02-DE-34,5CCF7F02DE34
5E-CF-7F-02-DE-34,5ECF7F02DE34,5C-CF-7F-02-DE-34,5CCF7F02DE34
5E-CF-7F-02-DE-34,5ECF7F02DE34,5C-CF-7F-02-DE-34,5CCF7F02DE34
5E-CF-7F-02-DE-34,5ECF7F02DE34,5C-CF-7F-02-DE-34,5CCF7F02DE34
5E-CF-7F-88-49-02,5ECF7F884902,5C-CF-7F-88-49-02,5CCF7F884902
5E-CF-7F-88-49-02,5ECF7F884902,5C-CF-7F-88-49-02,5CCF7F884902
5E-CF-7F-88-49-02,5ECF7F884902,5C-CF-7F-88-49-02,5CCF7F884902
5E-CF-7F-88-49-02,5ECF7F884902,5C-CF-7F-88-49-02,5CCF7F884902
5E-CF-7F-88-49-02,5ECF7F884902,5C-CF-7F-88-49-02,5CCF7F884902
5E-CF-7F-88-49-02,5ECF7F884902,5C-CF-7F-88-49-02,5CCF7F884902
5E-CF-7F-88-49-02,5ECF7F884902,5C-CF-7F-88-49-02,5CCF7F884902
5E-CF-7F-88-49-02,5ECF7F884902,5C-CF-7F-88-49-02,5CCF7F884902
5E-CF-7F-88-49-02,5ECF7F884902,5C-CF-7F-88-49-02,5CCF7F884902
5E-CF-7F-88-49-02,5ECF7F884902,5C-CF-7F-88-49-02,5CCF7F884902
5E-CF-7F-88-49-02,5ECF7F884902,5C-CF-7F-88-49-02,5CCF7F884902
5E-CF-7F-88-49-02,5ECF7F884902,5C-CF-7F-88-49-02,5CCF7F884902
5E-CF-7F-88-49-02,5ECF7F884902,5C-CF-7F-88-49-02,5CCF7F884902
5E-CF-7F-88-49-02,5ECF7F884902,5C-CF-7F-88-49-02,5CCF7F884902
5E-CF-7F-88-49-02,5ECF7F884902,5C-CF-7F-88-49-02,5CCF7F884902
5E-CF-7F-88-49-02,5ECF7F884902,5C-CF-7F-88-49-02,5CCF7F884902
5E-CF-7F-88-49-02,5ECF7F884902,5C-CF-7F-88-49-02,5CCF7F884902
5E-CF-7F-88-49-02,5ECF7F884902,5C-CF-7F-88-49-02,5CCF7F884902
5E-CF-7F-88-49-02,5ECF7F884902,5C-CF-7F-88-49-02,5CCF7F884902
5E-CF-7F-88-49-02,5ECF7F884902,5C-CF-7F-88-49-02,5CCF7F884902
5E-CF-7F-88-49-02,5ECF7F884902,5C-CF-7F-88-49-02,5CCF7F884902
5E-CF-7F-88-49-02,5ECF7F884902,5C-CF-7F-88-49-02,5CCF7F884902
5E-CF-7F-88-49-02,5ECF7F884902,5C-CF-7F-88-49-02,5CCF7F884902
5E-CF-7F-88-49-02,5ECF7F884902,5C-CF-7F-88-49-02,5CCF7F884902
5E-CF-7F-88-49-02,5ECF7F884902,5C-CF-7F-88-49-02,5CCF7F884902
5E-CF-7F-88-49-02,5ECF7F884902,5C-CF-7F-88-49-02,5CCF7F884902
5E-CF-7F-88-49-02,5ECF7F884902,5C-CF-7F-88-49-02,5CCF7F884902
5E-CF-7F-88-49-02,5ECF7F884902,5C-CF-7F-88-49-02,5CCF7F884902
5E-CF-7F-88-49-02,5ECF7F884902,5C-CF-7F-88-49-02,5CCF7F884902
5E-CF-7F-88-49-02,5ECF7F884902,5C-CF-7F-88-49-02,5CCF7F884902
5E-CF-7F-88-49-02,5ECF7F884902,5C-CF-7F-88-49-02,5CCF7F884902
5E-CF-7F-88-49-02,5ECF7F884902,5C-CF-7F-88-49-02,5CCF7F884902
5E-CF-7F-88-49-02,5ECF7F884902,5C-CF-7F-88-49-02,5CCF7F884902
5E-CF-7F-88-49-02,5ECF7F884902,5C-CF-7F-88-49-02,5CCF7F884902
5E-CF-7F-88-49-02,5ECF7F884902,5C-CF-7F-88-49-02,5CCF7F884902
5E-CF-7F-88-49-02,5ECF7F884902,5C-CF-7F-88-49-02,5CCF7F884902
5E-CF-7F-88-49-02,5ECF7F884902,5C-CF-7F-88-49-02,5CCF7F884902
5E-CF-7F-88-49-02,5ECF7F884902,5C-CF-7F-88-49-02,5CCF7F884902
5E-CF-7F-88-49-02,5ECF7F884902,5C-CF-7F-88-49-02,5CCF7F884902
5E-CF-7F-88-49-02,5ECF7F884902,5C-CF-7F-88-49-02,5CCF7F884902
5E-CF-7F-88-49-02,5ECF7F884902,5C-CF-7F-88-49-02,5CCF7F884902
5E-CF-7F-88-49-02,5ECF7F884902,5C-CF-7F-88-49-02,5CCF7F884902
5E-CF-7F-88-49-02,5ECF7F884902,5C-CF-7F-88-49-02,5CCF7F884902
5E-CF-7F-88-49-02,5ECF7F884902,5C-CF-7F-88-49-02,5CCF7F884902
5E-CF-7F-88-49-02,5ECF7F884902,5C-CF-7F-88-49-02,5CCF7F884902
5E-CF-7F-88-49-02,5ECF7F884902,5C-CF-7F-88-49-02,5CCF7F884902
5E-CF-7F-88-49-02,5ECF7F884902,5C-CF-7F-88-49-02,5CCF7F884902
5E-CF-7F-88-49-02,5ECF7F884902,5C-CF-7F-88-49-02,5CCF7F884902
5E-CF-7F-88-49-02,5ECF7F884902,5C-CF-7F-88-49-02,5CCF7F884902
5E-CF-7F-88-49-02,5ECF7F884902,5C-CF-7F-88-49-02,5CCF7F884902
5E-CF-7F-88-49-02,5ECF7F884902,5C-CF-7F-88-49-02,5CCF7F884902
5E-CF-7F-88-49-02,5ECF7F884902,5C-CF-7F-88-49-02,5CCF7F884902
5E-CF-7F-88-49-02,5ECF7F884902,5C-CF-7F-88-49-02,5CCF7F884902
5E-CF-7F-88-49-02,5ECF7F884902,5C-CF-7F-88-49-02,5CCF7F884902
5E-CF-7F-88-49-02,5ECF7F884902,5C-CF-7F-88-49-02,5CCF7F884902
B6-E6-2D-1B-F7-9A,B6E62D1BF79A,B4-E6-2D-1B-F7-9A,B4E62D1BF79A
